regime,metric,comparison,crf_mean,baseline_mean,aligned_improvement,improvement_ci95,paired_t,p_unadjusted,wilcoxon_stat,wilcoxon_p_unadjusted,cohen_dz,n_seeds,p_holm,wilcoxon_p_holm
silent_failure,auroc,CRF vs CFA,0.7801172938210381,0.7743049367492454,0.0058123570717927234,0.0013256287396620295,8.593823836090184,5.694367432037494e-08,0.0,1.9073486328125e-06,1.9216374284155662,20,3.416099426924286e-07,1.1444091796875e-05
silent_failure,nll,CRF vs CFA,0.5659469048701222,0.5725150556246498,0.006568150754527574,0.0020652006990991567,-6.233571141288842,5.487993862591478e-06,4.0,1.33514404296875e-05,1.3938688814502795,20,2.195197545036591e-05,5.340576171875e-05
silent_failure,aurc,CRF vs CFA,0.17472354497354492,0.17942856481481478,0.004705019841269829,0.0015329195129267213,-6.015866332917963,8.681986337029759e-06,6.0,2.6702880859375e-05,1.3451886063956946,20,2.195197545036591e-05,5.340576171875e-05
silent_failure,auroc,CRF vs CRF_NR,0.7801172938210381,0.774512358466745,0.0056049353542932615,0.0012783091616569984,8.593909536073964,5.6934990448738094e-08,0.0,1.9073486328125e-06,1.921656591514506,20,3.416099426924286e-07,1.1444091796875e-05
silent_failure,nll,CRF vs CRF_NR,0.5659469048701222,0.572203870515984,0.0062569656458618,0.0019753015221437536,-6.208496540102718,5.7839309922054025e-06,4.0,1.33514404296875e-05,1.3882620301741928,20,2.195197545036591e-05,5.340576171875e-05
silent_failure,aurc,CRF vs CRF_NR,0.17472354497354492,0.17926689153439151,0.004543346560846567,0.001474056284933606,-6.041125668183264,8.229470414304116e-06,8.0,4.76837158203125e-05,1.3508367654676618,20,2.195197545036591e-05,5.340576171875e-05
