contrast,n_pairs,mean_difference,wilcoxon_statistic,p_two_sided_exact,wins,ties,losses
RC-PDRF-NOQ - PDRF-NOQ,15,0.00015843082463053623,59.0,0.97796630859375,8,0,7
RC-PDRF-NOQ - CAGF,15,-0.19599687126269696,0.0,6.103515625e-05,0,0,15
RC-PDRF-NOQ - EF-PD,15,-0.2690489090941061,0.0,6.103515625e-05,0,0,15
RC-PDRF-NOQ - UF-PD,15,-0.034497548752308836,18.0,0.01507568359375,3,0,12
