contrast,n_pairs,mean_difference,wilcoxon_statistic,p_two_sided_exact,wins,ties,losses
RC-PDRF-NOQ - PDRF-NOQ,15,-0.0022696191032407203,5.0,0.0006103515625,2,0,13
RC-PDRF-NOQ - CAGF,15,-0.0017834770337047093,55.0,0.803955078125,6,0,9
RC-PDRF-NOQ - ENT-PD,15,-0.010398066573977911,25.0,0.04791259765625,5,0,10
RC-PDRF-NOQ - EF-PD,15,-0.03413705355439849,0.0,6.103515625e-05,0,0,15
RC-PDRF-NOQ - UF-PD,15,-0.006634188532477081,34.0,0.15142822265625,7,0,8
RC-PDRF-NOQ - HGB-current,15,-0.028454215399371763,0.0,6.103515625e-05,0,0,15
RC-PDRF-NOQ - HGB-lag,15,-0.02351161421041067,0.0,6.103515625e-05,0,0,15
