outer_5pct,weight_reduction_rate,failure_despite_weight_reduction,mean_score_change
0.6361473087818696,0.801586402266289,0.41858356940509917,3.1263521544436896
