clean_correct,fault_correct,n,fraction
False,False,25807,0.3729874259286024
False,True,3203,0.046292816881052176
True,False,8712,0.12591414944356122
True,True,31468,0.4548056077467842
