subset,mean,ci_low,ci_high
affected,-0.01814750901010303,-0.02604464887676551,-0.010053711990969154
all,0.0001636586440140426,-0.0038511673667439156,0.004375353426334837
