contrast,environments,mean_difference,ci_low,ci_high,positive_environments,negative_environments,descriptive_wilcoxon_p
RO-PDRF - RO-CAGF,17,0.015943563417155165,0.00704367725829768,0.025636578813134383,14,3,0.00665283203125
RO-PDRF - PDRF,17,0.010004922325590668,0.007558354994220649,0.012245641919565115,17,0,1.52587890625e-05
RO-CAGF - CAGF,17,0.006058690708080088,0.004372023850392034,0.008110684301805313,17,0,1.52587890625e-05
