method,pairwise_disagreement
CAGF,0.36222120378857314
RO-CAGF,0.33492208982584787
PDRF,0.20915571850493947
RO-PDRF,0.1807312353600163
