held_out_building,scope,n,fault_prevalence,return_fault_prevalence,supply_fault_prevalence,fan_on_rate
auditorium,source_pool,189839,0.08859085856963006,0.08311253219833649,0.00547832637129357,0.395450882063222
auditorium,source_train,41773,0.28183276278936154,0.2640461542144447,0.01778660857491681,0.4652766140808656
auditorium,target_test,62357,0.03428644739163205,0.027807623843353592,0.006478823548278461,0.32033292172490657
hospital,source_pool,189789,0.053575286238928495,0.04601425793907971,0.0075610282998487795,0.2868712096064577
hospital,source_train,37118,0.19176679778005282,0.16531063096071988,0.026456166819332938,0.39476803707096286
hospital,target_test,62407,0.14081753649430354,0.14067332190299164,0.00014421459131187206,0.6506000929382921
office,source_pool,124764,0.08757333846301818,0.08426308871148729,0.0033102497515308904,0.48553268571062164
office,source_train,37648,0.20314492137696558,0.19576073098172544,0.007384190395240119,0.4967063323416915
office,target_test,127432,0.06301399962332851,0.054923410132462804,0.008090589490865717,0.2704972063531923
