left_out_task,mean_difference
accumulator,0.016497151276637645
cooler,0.0030029518965914597
pump,0.027628834040256508
valve,0.013141267911524673
