method,reference,metric,mean_raw_difference,favourable_seeds,n_seeds,wilcoxon_two_sided_p
PDRF+EMA-CD,PDRF+CD,macro_auroc,0.0006817089686844025,6,10,0.76953125
PDRF+Soft-CD,PDRF+CD,macro_auroc,-0.001153885232124019,3,10,0.130859375
PDRF+CD-T07,PDRF+CD,macro_auroc,-0.0014026749150009231,2,10,0.01953125
RO-PDRF-EMA,RO-PDRF,macro_auroc,0.0015933781253689606,6,10,0.232421875
RO-PDRF-EMA,RO-PDRF,nll,-0.23685458982118285,9,10,0.009765625
RO-PDRF-EMA,RO-PDRF,brier,-0.01679780432853788,8,10,0.064453125
RO-PDRF-EMA,RO-PDRF,ece15,-0.02070917311538716,9,10,0.005859375
RO-PDRF-CAL,RO-PDRF,macro_auroc,0.00015409620941511104,6,10,0.6953125
RO-PDRF-CAL,RO-PDRF,nll,0.030975696270305518,5,10,0.845703125
