{
  "mean": 0.015067551281252568,
  "median": 0.01120952166293069,
  "minimum": -0.03275610496330532,
  "maximum": 0.052807363576594324,
  "ci_low": -0.005626974861385011,
  "ci_high": 0.035513148850950305,
  "positive_conditions": 6,
  "n_conditions": 8
}