metric,mean,sd,n
ambiguity_q1_spearman,0.3568691740132007,0.04487032194620703,20
ambiguity_q2_spearman,0.423190562972804,0.03405421214005322,20
ambiguity_q3_spearman,0.4537109063722616,0.03572715567280667,20
ambiguity_q4_spearman,0.4606074890022504,0.03495127690565148,20
isotonic_noise_mae,0.14699552729725837,0.0029572917384204944,20
isotonic_noise_rmse,0.18300746157765388,0.0032549301237406493,20
matched_noise_between_sensor_score_range,0.12728728856891394,0.07003855633480437,20
score_calibration_error_10bin,0.007791692577302456,0.001987485206556558,20
