{
  "seeds": [
    101,
    102,
    103,
    104,
    105,
    106,
    107,
    108,
    109,
    110
  ],
  "calibration_fault_seed": 76001,
  "test_fault_seed": 70001,
  "model_variants": [
    "CAGF",
    "PDRF",
    "PDRF_AUC"
  ],
  "ensemble": {
    "CAGF": {
      "stacking_success": true,
      "weights": [
        0.000747981194252391,
        3.1114846921031205e-06,
        1.2320482360325855e-05,
        0.010123396345050144,
        0.44287143486296426,
        0.390967577549466,
        3.483695861593446e-05,
        0.05652086700978267,
        2.322887490243411e-05,
        0.09869524523791372
      ],
      "dirichlet_C": 0.1
    },
    "PDRF": {
      "stacking_success": true,
      "weights": [
        0.1335115858894144,
        1.071340154800669e-06,
        0.05333705920956182,
        0.05207126415261636,
        0.04461285055771419,
        0.1382231922795443,
        6.385195950518164e-07,
        0.4571920462457966,
        0.08183192336276778,
        0.03921836844283472
      ],
      "dirichlet_C": 0.1
    },
    "PDRF_AUC": {
      "stacking_success": true,
      "weights": [
        0.15043556574188174,
        1.2517933569792131e-06,
        0.03586939050854184,
        0.06366550569795708,
        0.062311792429011394,
        0.1415887700173178,
        0.0054029634268867475,
        0.4341563390843807,
        0.1065612974465029,
        7.1238541628421e-06
      ],
      "dirichlet_C": 0.1
    }
  },
  "selection_boundary": "All weights, regularization choices and calibration maps use batch 7 only."
}