endpoint,comparison,crf_mean,baseline_mean,aligned_improvement,improvement_ci95,paired_t,p_unadjusted,wilcoxon_stat,wilcoxon_p_unadjusted,cohen_dz,n_seeds,p_holm,wilcoxon_p_holm
delta_clipped_log_variance,CRF vs RWF,3.510012912750244,-0.29214963167905805,3.802162544429302,0.2535298307055415,29.393931934332112,2.979471701910037e-10,0.0,0.001953125,9.295177430044836,10,1.7876830211460223e-09,0.01171875
delta_normalized_weight,CRF vs RWF,-0.1454430691897869,0.02543127331882713,0.17087434250861402,0.012448119113540474,-26.904764347296464,6.553190194018252e-10,0.0,0.001953125,8.508033524755032,10,3.276595097009126e-09,0.01171875
delta_clipped_log_variance,CRF vs CFA,3.510012912750244,0.3472352426033467,3.1627776701468973,0.34702368782048354,17.863461345885707,2.4533263142147537e-08,0.0,0.001953125,5.648922474737576,10,7.359978942644261e-08,0.01171875
delta_normalized_weight,CRF vs CFA,-0.1454430691897869,-0.00467963520204647,0.14076343398774044,0.01779615689352998,-15.503141058296515,8.467663806613548e-08,0.0,0.001953125,4.902523663109024,10,8.467663806613548e-08,0.01171875
delta_clipped_log_variance,CRF vs CRF_NR,3.510012912750244,0.3795733109116554,3.1304396018385887,0.2949318719674277,20.80365739610962,6.4127046323815685e-09,0.0,0.001953125,6.578694103351413,10,2.5650818529526274e-08,0.01171875
delta_normalized_weight,CRF vs CRF_NR,-0.1454430691897869,-0.0062831960618495815,0.13915987312793732,0.015650213664020255,-17.42809121883207,3.046020853757664e-08,0.0,0.001953125,5.5112463520689365,10,7.359978942644261e-08,0.01171875
