regime,metric,comparison,crf_mean,baseline_mean,aligned_improvement,improvement_ci95,paired_t,p_unadjusted,wilcoxon_stat,wilcoxon_p_unadjusted,cohen_dz,n_seeds,p_holm,wilcoxon_p_holm
silent_fault,macro_auroc,CRF vs CFA,0.823791948239067,0.8018400626923159,0.021951885546751104,0.007815533278770312,5.505151617549222,0.00037766080887108,1.0,0.00390625,1.7408817976015725,10,0.00226596485322648,0.0234375
silent_fault,nll,CRF vs CFA,2.0255793654834746,2.3234870965526757,0.29790773106920093,0.14595935978725086,-4.000422814588392,0.003108444882706487,3.0,0.009765625,1.2650447697800782,10,0.012433779530825948,0.0390625
silent_fault,aurc,CRF vs CFA,0.27155637227222934,0.3028849837632184,0.03132861149098904,0.017229486130477537,-3.5638949448248365,0.006082078098841671,4.0,0.013671875,1.1270025367206598,10,0.012433779530825948,0.0390625
silent_fault,macro_auroc,CRF vs CRF_NR,0.823791948239067,0.8029755916743044,0.020816356564762595,0.008090575718338057,5.042911689764856,0.0006970227911773188,1.0,0.00390625,1.5947086978745377,10,0.003485113955886594,0.0234375
silent_fault,nll,CRF vs CRF_NR,2.0255793654834746,2.2776862697829094,0.25210690429943505,0.14739777321896574,-3.352354120661253,0.008491707408421504,5.0,0.01953125,1.0601074544740492,10,0.012433779530825948,0.0390625
silent_fault,aurc,CRF vs CRF_NR,0.27155637227222934,0.300204029339618,0.02864765706738865,0.014599858499603458,-3.8458871264818635,0.003930962236108229,3.0,0.009765625,1.2161762943602759,10,0.012433779530825948,0.0390625
