contrast,n,mean_difference,wins,losses,p_two_sided_exact
RO-PDRF - ENT-PD,10,0.049734637564718874,10,0,0.001953125
RO-PDRF - CAGF,10,0.012130267979367792,6,4,0.193359375
PDRF - ENT-PD,10,0.03660480285172627,10,0,0.001953125
