fault_prevalence,corrections_retained_per_10000,harms_realized_per_10000,U_lambda_0,U_lambda_0_5,U_lambda_2
0.0,1.374885426214482,6.6452795600366645,-5.270394133822182,-5.770394133822182,-7.270394133822182
0.1,3.2653528872593953,6.931714023831347,-3.6663611365719526,-4.166361136571952,-5.666361136571952
0.4,8.879468377635197,7.332722273143905,1.5467461044912922,1.0467461044912922,-0.45325389550870776
0.7,15.983043079743354,8.363886342804765,7.619156736938588,7.119156736938588,5.619156736938589
